round_num,cid,dist,anomaly_score,rejected
1,client_10,2.557173728942871,2.685032367706299,0
1,client_11,2.7836320400238037,2.922813653945923,1
1,client_4,2.557919502258301,2.6858155727386475,0
1,client_2,2.6768643856048584,2.8107075691223145,1
1,client_13,2.5846688747406006,2.713902235031128,0
1,client_14,2.801632881164551,2.9417145252227783,1
1,client_12,2.6582424640655518,2.791154623031616,1
1,client_9,2.674906015396118,2.8086512088775635,1
1,client_15,2.6176438331604004,2.748526096343994,0
1,client_3,2.6741783618927,2.807887315750122,1
1,client_7,2.913990020751953,3.059689521789551,1
1,client_5,2.9770655632019043,3.1259188652038574,1
1,client_8,2.688408136367798,2.822828531265259,1
1,client_19,2.5855612754821777,2.714839458465576,0
1,client_0,2.629281997680664,2.7607460021972656,0
1,client_18,2.708859443664551,2.8443024158477783,1
1,client_6,2.5902915000915527,2.71980619430542,0
1,client_1,2.9345359802246094,3.0812628269195557,1
2,client_6,1.6603436470031738,1.8263781070709229,0
2,client_2,1.557049036026001,1.7127538919448853,0
2,client_4,1.5448100566864014,1.6992911100387573,0
2,client_14,1.5892726182937622,1.7481998205184937,0
2,client_1,1.514003872871399,1.6654043197631836,0
2,client_12,1.5421435832977295,1.6963579654693604,0
2,client_18,1.117165446281433,1.2288819551467896,0
2,client_5,1.855371356010437,2.0409085750579834,0
2,client_8,1.3395248651504517,1.4734773635864258,0
3,client_5,1.2736252546310425,1.549841046333313,0
3,client_7,1.2112923860549927,1.3324216604232788,0
3,client_0,1.1571974754333496,1.2729172706604004,0
3,client_8,1.1666879653930664,1.417777180671692,0
3,client_4,1.2603685855865479,1.5143014192581177,0
3,client_3,1.0802818536758423,1.1883100271224976,0
3,client_18,1.1547298431396484,1.4056458473205566,0
3,client_17,1.1288270950317383,1.1852684020996094,0
3,client_14,1.3150464296340942,1.5866327285766602,0
4,client_5,1.0394067764282227,1.3849693536758423,0
4,client_4,1.1152703762054443,1.431933879852295,0
4,client_18,1.1285593509674072,1.4327164888381958,0
4,client_14,1.2212846279144287,1.5629583597183228,0
4,client_2,1.2990608215332031,1.5628101825714111,0
4,client_10,1.0627617835998535,1.169037938117981,0
4,client_1,1.040691614151001,1.291487455368042,0
4,client_11,1.2135685682296753,1.3349254131317139,0
4,client_9,1.1648160219192505,1.2812975645065308,0
5,client_15,0.9493529200553894,1.044288158416748,0
5,client_1,0.8552811145782471,1.163236141204834,0
5,client_17,1.153948426246643,1.2693432569503784,0
5,client_0,1.084956169128418,1.324915885925293,0
5,client_14,1.0212777853012085,1.4087032079696655,0
5,client_13,1.0375676155090332,1.1413244009017944,0
5,client_4,0.9243013262748718,1.284886360168457,0
5,client_6,0.9518511295318604,1.1765508651733398,0
5,client_16,0.916543185710907,0.9623703360557556,0
6,client_13,0.851692795753479,1.0660954713821411,0
6,client_0,0.9295686483383179,1.211849570274353,0
6,client_17,0.82822185754776,0.9674854278564453,0
6,client_3,0.871569037437439,1.0924348831176758,0
6,client_10,0.7834703922271729,0.9896760582923889,0
6,client_16,0.7893195152282715,0.8682514429092407,0
6,client_7,0.7798744440078735,1.0035613775253296,0
6,client_19,0.9530001878738403,1.0483001470565796,0
6,client_8,0.7925813794136047,1.073236107826233,0
7,client_6,0.7592353224754333,1.0476906299591064,0
7,client_8,0.7970719337463379,1.1365101337432861,0
7,client_2,0.7738425135612488,1.0629223585128784,0
7,client_9,0.7481787204742432,0.9567418694496155,0
7,client_11,0.959416925907135,1.1945401430130005,0
7,client_14,0.878452479839325,1.3126596212387085,0
7,client_7,0.7737318277359009,1.0573692321777344,0
7,client_13,0.8487844467163086,1.1147747039794922,0
7,client_1,0.8660592436790466,1.2271267175674438,0
8,client_6,0.7773736119270325,1.1152353286743164,0
8,client_9,0.7633709907531738,1.0316941738128662,0
8,client_16,0.7837680578231812,0.9079720377922058,0
8,client_13,0.8043743371963501,1.1085082292556763,0
8,client_12,0.7216997742652893,0.9267818927764893,0
8,client_2,0.7567901611328125,1.1091179847717285,0
8,client_3,0.8023855686187744,1.0703470706939697,0
8,client_14,0.8312366604804993,1.3117860555648804,0
8,client_15,0.7790166735649109,0.9878005981445312,0
9,client_4,0.7646306753158569,1.1650121212005615,0
9,client_16,0.7052813768386841,0.8611026406288147,0
9,client_14,0.7641230821609497,1.2818838357925415,0
9,client_5,0.7172388434410095,1.0942658185958862,0
9,client_12,0.7124444246292114,0.9937081336975098,0
9,client_6,1.1867165565490723,1.6034742593765259,0
9,client_17,0.8034135699272156,0.9978936910629272,0
9,client_1,0.7455114126205444,1.137288212776184,0
9,client_2,0.7312527894973755,1.1197189092636108,0
10,client_2,0.699279248714447,1.1223875284194946,0
10,client_0,0.7419124841690063,1.0596754550933838,0
10,client_5,0.6626936197280884,1.0862364768981934,0
10,client_13,0.691571056842804,1.026863932609558,0
10,client_17,0.760427713394165,0.9920203685760498,0
10,client_6,0.7917234897613525,1.2078505754470825,0
10,client_7,0.7552598714828491,1.0760436058044434,0
10,client_11,0.8301577568054199,1.113033652305603,0
10,client_10,0.7253499627113342,0.9788817763328552,0
11,client_10,0.7463292479515076,1.0411324501037598,0
11,client_2,0.7024334073066711,1.1624196767807007,0
11,client_0,0.8071413636207581,1.1779056787490845,0
11,client_3,0.718029260635376,1.0211336612701416,0
11,client_13,0.9386497735977173,1.3388690948486328,0
11,client_5,0.799188494682312,1.272242784500122,0
11,client_14,0.8713923692703247,1.4414417743682861,0
11,client_18,0.7707179188728333,1.0968273878097534,0
11,client_16,0.7822537422180176,0.9849606156349182,0
12,client_19,0.6620627641677856,0.8575471043586731,0
12,client_12,0.7117777466773987,1.0290597677230835,0
12,client_17,0.7570673823356628,1.0284947156906128,0
12,client_7,0.6773701310157776,1.029051661491394,0
12,client_18,0.7247442007064819,1.1026843786239624,0
12,client_10,0.7127912640571594,1.0405081510543823,0
12,client_16,0.783637523651123,1.0217468738555908,0
12,client_15,0.7274527549743652,0.9785478711128235,0
12,client_8,0.829058051109314,1.2113239765167236,0
13,client_6,0.7630833983421326,1.2356822490692139,0
13,client_12,0.744847297668457,1.1010584831237793,0
13,client_4,0.650477945804596,1.0856592655181885,0
13,client_18,0.7438409328460693,1.162226676940918,0
13,client_16,0.7753221392631531,1.0517126321792603,0
13,client_5,0.6722073554992676,1.1656981706619263,0
13,client_1,0.7126483917236328,1.144441843032837,0
13,client_19,0.7058308720588684,0.9533420205116272,0
13,client_2,0.8475846648216248,1.3570500612258911,0
14,client_5,0.9220415353775024,1.4804751873016357,0
14,client_1,0.7221537232398987,1.1921732425689697,0
14,client_8,0.7033925652503967,1.112945556640625,0
14,client_7,0.7633719444274902,1.1614165306091309,0
14,client_10,0.7026522159576416,1.0666717290878296,0
14,client_19,0.754956841468811,1.0404837131500244,0
14,client_3,0.7176027297973633,1.0607837438583374,0
14,client_14,0.7460514307022095,1.3417729139328003,0
14,client_11,0.7270346879959106,1.0475690364837646,0
15,client_18,0.7903926968574524,1.2496707439422607,0
15,client_6,0.7073456645011902,1.2139570713043213,0
15,client_5,0.7031190395355225,1.273270845413208,0
15,client_17,0.7248862385749817,1.0311167240142822,0
15,client_19,0.7371695637702942,1.0562092065811157,0
15,client_11,0.7224159240722656,1.083996295928955,0
15,client_13,0.7353249788284302,1.1497904062271118,0
15,client_7,0.7753771543502808,1.2084907293319702,0
15,client_9,0.9685666561126709,1.2948182821273804,0
16,client_17,0.7016507983207703,1.043411135673523,0
16,client_11,0.9198049306869507,1.3374758958816528,0
16,client_18,0.7737234830856323,1.2685266733169556,0
16,client_4,0.6806431412696838,1.1570724248886108,0
16,client_9,0.750394344329834,1.092997431755066,0
16,client_13,0.7843686938285828,1.2506709098815918,0
16,client_19,0.7190479636192322,1.0740233659744263,0
16,client_2,0.6865934133529663,1.2150813341140747,0
16,client_14,0.7300217151641846,1.367709994316101,0
17,client_13,0.7671350240707397,1.2684803009033203,0
17,client_17,0.7451615333557129,1.1275173425674438,0
17,client_5,0.6892128586769104,1.304076075553894,0
17,client_19,0.6866461038589478,1.075239896774292,0
17,client_15,0.7240414619445801,1.0137462615966797,0
17,client_9,0.6639860272407532,1.0463765859603882,0
17,client_6,0.760886013507843,1.3110055923461914,0
17,client_16,0.6645472049713135,0.9690420627593994,0
17,client_2,0.747314989566803,1.3242542743682861,0
18,client_4,0.7664409875869751,1.2839739322662354,0
18,client_8,0.7391752004623413,1.1937593221664429,0
18,client_2,0.7064117789268494,1.3135905265808105,0
18,client_12,0.7504984736442566,1.1428636312484741,0
18,client_15,0.7633143663406372,1.093319058418274,0
18,client_7,0.8113828301429749,1.2862656116485596,0
18,client_9,0.7060025930404663,1.1301145553588867,0
18,client_0,0.673438549041748,1.0679281949996948,0
18,client_14,0.7075607180595398,1.380305290222168,0
19,client_9,0.809855580329895,1.2775521278381348,0
19,client_19,0.7898390293121338,1.224704384803772,0
19,client_12,0.7366390824317932,1.164860725402832,0
19,client_18,0.702277421951294,1.229455590248108,0
19,client_1,0.7738767862319946,1.2847011089324951,0
19,client_3,0.6990313529968262,1.0762567520141602,0
19,client_14,0.712491512298584,1.4222302436828613,0
19,client_8,0.7094967365264893,1.1962826251983643,0
19,client_13,0.7726455926895142,1.3137601613998413,0
20,client_16,0.73659348487854,1.0870590209960938,0
20,client_19,0.8183355927467346,1.2903828620910645,0
20,client_15,0.7015908360481262,1.0616252422332764,0
20,client_5,0.7633805274963379,1.4208165407180786,0
20,client_0,0.7522624135017395,1.1949914693832397,0
20,client_6,0.7923872470855713,1.3810242414474487,0
20,client_13,0.8297949433326721,1.4149813652038574,0
20,client_18,0.7863668203353882,1.360640287399292,0
20,client_3,0.7902358174324036,1.2124617099761963,0
